"genre","series_title","gross","imdb_rating","director"
"Comedy, Drama, Romance","Trois couleurs: Blanc",1464625,"7.6","Krzysztof Kieslowski"
"Comedy, Drama, Musical","Kal Ho Naa Ho",1787378,"8","Nikkhil Advani"
"Comedy","The Hangover",277322503,"7.7","Todd Phillips"
"Comedy, Family","A Christmas Story",20605209,"7.9","Bob Clark"
"Comedy, Drama","Hannah and Her Sisters",40084041,"7.9","Woody Allen"
"Comedy, Drama","Crimes and Misdemeanors",18254702,"7.9","Woody Allen"
"Comedy, Crime, Drama","The Sting",159600000,"8.3","George Roy Hill"
"Comedy","Zelig",11798616,"7.7","Woody Allen"
"Comedy, Musical, Romance","Singin' in the Rain",8819028,"8.3","Stanley Donen"
"Comedy, Crime, Drama","Chung Hing sam lam",600200,"8.1","Kar-Wai Wong"
"Comedy, Drama","Adaptation.",22245861,"7.7","Spike Jonze"
"Comedy, Drama, Romance","Manhattan",45700000,"7.9","Woody Allen"
"Comedy, Family","Home Alone",285761243,"7.6","Chris Columbus"
"Comedy, Drama","Birdman or (The Unexpected Virtue of Ignorance)",42340598,"7.7","Alejandro G. Iñárritu"
"Comedy, Crime, Drama","Knives Out",165359751,"7.9","Rian Johnson"
"Comedy, Crime, Drama","After Hours",10600000,"7.7","Martin Scorsese"
"Comedy, Drama","Guess Who's Coming to Dinner",56700000,"7.8","Stanley Kramer"
"Comedy, Drama","Night on Earth",2015810,"7.8","Jim Jarmusch"
"Comedy, Drama","Once Upon a Time... in Hollywood",142502728,"7.6","Quentin Tarantino"
"Comedy","Le charme discret de la bourgeoisie",198809,"7.9","Luis Buñuel"
"Comedy, Crime","Delicatessen",1794187,"7.6","Marc Caro"
"Comedy, Family, Fantasy","Mary Poppins",102272727,"7.8","Robert Stevenson"
"Comedy, Western","Blazing Saddles",119500000,"7.7","Mel Brooks"
"Comedy, Crime, Romance","Crna macka, beli macor",348660,"8.1","Emir Kusturica"
"Comedy, Drama","3 Idiots",6532908,"8.4","Rajkumar Hirani"
"Comedy, Crime, Drama","Down by Law",1436000,"7.8","Jim Jarmusch"
"Comedy, Drama","Short Cuts",6110979,"7.7","Robert Altman"
"Comedy","Dazed and Confused",7993039,"7.6","Richard Linklater"
"Comedy, Drama, Romance","His Girl Friday",296000,"7.9","Howard Hawks"
"Comedy, Drama","Do the Right Thing",27545445,"8","Spike Lee"
"Comedy, Drama","La dolce vita",19516000,"8","Federico Fellini"
"Comedy, Drama, Romance","En man som heter Ove",3358518,"7.7","Hannes Holm"
"Comedy, Drama, Music","Sing Street",3237118,"7.9","John Carney"
"Comedy","The Odd Couple",44527234,"7.7","Gene Saks"
"Comedy, Drama, Romance","The Artist",44671682,"7.9","Michel Hazanavicius"
"Comedy, Drama, Romance","Good Bye Lenin!",4064200,"7.7","Wolfgang Becker"
"Comedy, Romance","Amélie",33225499,"8.3","Jean-Pierre Jeunet"
"Comedy, Drama, Romance","As Good as It Gets",148478011,"7.7","James L. Brooks"
"Comedy, Drama","Happiness",2807390,"7.7","Todd Solondz"
"Comedy, Drama, War","Jojo Rabbit",349555,"7.9","Taika Waititi"
"Comedy, Drama","Lost in Translation",44585453,"7.7","Sofia Coppola"
"Comedy, Drama, Family","The Muppet Christmas Carol",27281507,"7.7","Brian Henson"
"Comedy, Drama, Romance","Lage Raho Munna Bhai",2217561,"8.1","Rajkumar Hirani"
"Comedy, Drama, War","The Great Dictator",288475,"8.4","Charles Chaplin"
"Comedy, Drama, Romance","Barfi!",2804874,"8.1","Anurag Basu"
"Comedy, Drama","Naked",1769305,"7.8","Mike Leigh"
"Comedy, Drama, Romance","Flipped",1752214,"7.7","Rob Reiner"
"Comedy, Drama","Me and Earl and the Dying Girl",6743776,"7.7","Alfonso Gomez-Rejon"
"Comedy, Drama","Being There",30177511,"8","Hal Ashby"
"Comedy, Drama","Dead Poets Society",95860116,"8.1","Peter Weir"
"Comedy","Ferris Bueller's Day Off",70136369,"7.8","John Hughes"
"Comedy, Drama, War","Underground",171082,"8.1","Emir Kusturica"
"Comedy, Drama, Romance","50/50",35014192,"7.6","Jonathan Levine"
"Comedy, Drama","The Royal Tenenbaums",52364010,"7.6","Wes Anderson"
"Comedy, Drama","Secrets & Lies",13417292,"8","Mike Leigh"
"Comedy, Drama, Romance","The Apartment",18600000,"8.3","Billy Wilder"
"Comedy, Crime, Drama","Adams æbler",1305,"7.8","Anders Thomas Jensen"
"Comedy, Crime","Snatch",30328156,"8.3","Guy Ritchie"
"Comedy, Drama","Little Miss Sunshine",59891098,"7.8","Jonathan Dayton"
"Comedy, Drama, Family","The Kid",5450000,"8.3","Charles Chaplin"
"Comedy","Office Space",10824921,"7.7","Mike Judge"
"Comedy","Clerks",3151130,"7.7","Kevin Smith"
"Comedy, Drama, Thriller","Barton Fink",6153939,"7.7","Joel Coen"
"Comedy, Drama","Chhichhore",898575,"8.2","Nitesh Tiwari"
"Comedy, Fantasy, Romance","The Purple Rose of Cairo",10631333,"7.7","Woody Allen"
"Comedy, Drama, War","No Man's Land",1059830,"7.9","Danis Tanovic"
"Comedy, Fantasy, Romance","Groundhog Day",70906973,"8","Harold Ramis"
"Comedy, Drama, Romance","Dil Chahta Hai",300000,"8.1","Farhan Akhtar"
"Comedy, Drama, Romance","Silver Linings Playbook",132092958,"7.7","David O. Russell"
"Comedy, Drama, Romance","(500) Days of Summer",32391374,"7.7","Marc Webb"
"Comedy, Music, Romance","Some Like It Hot",25000000,"8.2","Billy Wilder"
"Comedy, Drama, Musical","PK",10616104,"8.1","Rajkumar Hirani"
"Comedy, Romance","Annie Hall",39200000,"8","Woody Allen"
"Comedy, Drama","The Station Agent",5739376,"7.6","Tom McCarthy"
"Comedy","Dr. Strangelove or: How I Learned to Stop Worrying and Love the Bomb",275902,"8.4","Stanley Kubrick"
"Comedy, Drama, Romance","Jab We Met",410800,"7.9","Imtiaz Ali"
"Comedy, Drama","Planes, Trains & Automobiles",49530280,"7.6","John Hughes"
"Comedy, Drama","Captain Fantastic",5875006,"7.9","Matt Ross"
"Comedy, Crime, Drama","Dom za vesanje",280015,"8.2","Emir Kusturica"
"Comedy, Fantasy, Romance","Midnight in Paris",56816662,"7.7","Woody Allen"
"Comedy, Music","This Is Spinal Tap",188751,"7.9","Rob Reiner"
"Comedy, Drama, Romance","When Harry Met Sally...",92823600,"7.6","Rob Reiner"
"Comedy","Young Frankenstein",86300000,"8","Mel Brooks"
"Comedy, Drama, Romance","Rushmore",17105219,"7.7","Wes Anderson"
"Comedy, Drama","Withnail & I",1544889,"7.7","Bruce Robinson"
"Comedy, Drama, Fantasy","Being John Malkovich",22858926,"7.7","Spike Jonze"
"Comedy, Drama, Romance","Jeux d'enfants",548707,"7.6","Yann Samuell"
"Comedy, Drama, Music","La La Land",151101803,"8","Damien Chazelle"
"Comedy, Crime","My Cousin Vinny",52929168,"7.6","Jonathan Lynn"
"Comedy, Drama, Family","The Sandlot",32416586,"7.8","David Mickey Evans"
"Comedy, Drama, Romance","Moonrise Kingdom",45512466,"7.8","Wes Anderson"
"Comedy, Drama, Romance","The Graduate",104945305,"8","Mike Nichols"
"Comedy, Drama, Romance","Marriage Story",2000000,"7.9","Noah Baumbach"
"Comedy, Horror","What We Do in the Shadows",3333000,"7.7","Jemaine Clement"
"Comedy, Drama, Romance","City Lights",19181,"8.5","Charles Chaplin"
"Comedy, Drama, Romance","The Quiet Man",10550000,"7.7","John Ford"
"Comedy, Crime, Drama","The Long Goodbye",959000,"7.6","Robert Altman"
"Comedy, Drama, Family","English Vinglish",1670773,"7.8","Gauri Shinde"
"Comedy, Drama, Family","Miracle on 34th Street",2650000,"7.9","George Seaton"
"Comedy, Music, Musical","A Night at the Opera",2537520,"7.9","Sam Wood"
"Comedy","Life of Brian",20045115,"8.1","Terry Jones"
"Comedy, Crime","The Naked Gun: From the Files of Police Squad!",78756177,"7.6","David Zucker"
"Comedy, Drama, Fantasy","About Time",15322921,"7.8","Richard Curtis"
"Comedy, Crime, Drama","Three Billboards Outside Ebbing, Missouri",54513740,"8.2","Martin McDonagh"
"Comedy, Drama","Zindagi Na Milegi Dobara",3108485,"8.1","Zoya Akhtar"
"Comedy, Drama, Romance","La vita è bella",57598247,"8.6","Roberto Benigni"
"Comedy, Drama, Family","Modern Times",163245,"8.5","Charles Chaplin"
"Comedy, Drama, Music","Hedwig and the Angry Inch",3029081,"7.7","John Cameron Mitchell"
"Comedy, Drama, Thriller","Gisaengchung",53367844,"8.6","Bong Joon Ho"
"Comedy, Drama","The Breakfast Club",45875171,"7.8","John Hughes"
"Comedy, Drama, Fantasy","OMG: Oh My God!",923221,"8.1","Umesh Shukla"
"Comedy, Crime, Drama","Rang De Basanti",2197331,"8.2","Rakeysh Omprakash Mehra"
"Comedy","Airplane!",83400000,"7.7","Jim Abrahams"
"Comedy, Drama, Romance","The Shop Around the Corner",203300,"8.1","Ernst Lubitsch"
"Comedy, Drama, Thriller","Relatos salvajes",3107072,"8.1","Damián Szifron"
"Comedy, Crime, Drama","The King of Comedy",2500000,"7.8","Martin Scorsese"
"Comedy, Mystery, Romance","Charade",13474588,"7.9","Stanley Donen"
"Comedy, Horror","Shaun of the Dead",13542874,"7.9","Edgar Wright"
"Comedy, Crime, Drama","American Psycho",15070285,"7.6","Mary Harron"
"Comedy, Crime, Sport","The Big Lebowski",17498804,"8.1","Joel Coen"
"Comedy, Music, Musical","A Hard Day's Night",13780024,"7.6","Richard Lester"
"Comedy, Drama","Mr. Smith Goes to Washington",9600000,"8.1","Frank Capra"
"Comedy, Crime, Drama","Paper Moon",30933743,"8.1","Peter Bogdanovich"
"Comedy, Romance","It Happened One Night",4360000,"8.1","Frank Capra"
"Comedy, Crime, Drama","In Bruges",7757130,"7.9","Martin McDonagh"
"Comedy","Le dîner de cons",4065116,"7.7","Francis Veber"
"Comedy, Romance","Vicky Donor",169209,"7.8","Shoojit Sircar"
"Comedy, Drama","The Truman Show",125618201,"8.1","Peter Weir"
